IWN,9.6099994E9
OLN,Olin Corp,0.56
AMD,Advanced Micro Devices Inc,0.55
NRZ,New Residential Investment Corp,0.51
WBS,Webster Financial Corp,0.5
XPO,XPO Logistics Inc,0.5
FNB,FNB Corp/PA,0.5
PB,Prosperity Bancshares Inc,0.49
PVTB,PrivateBancorp Inc,0.46
ISBC,Investors Bancorp Inc,0.43
IDA,IDACORP Inc,0.42
RDN,Radian Group Inc,0.41
POR,Portland General Electric Co,0.41
UMPQ,Umpqua Holdings Corp,0.4
MENT,Mentor Graphics Corp,0.4
WGL,WGL Holdings Inc,0.4
HPP,Hudson Pacific Properties Inc,0.4
TCBI,Texas Capital Bancshares Inc,0.4
RSPP,RSP Permian Inc,0.39
HBHC,Hancock Holding Co,0.39
WTFC,Wintrust Financial Corp,0.37
MTG,MGIC Investment Corp,0.37
PDCE,PDC Energy Inc,0.37
IBKC,IBERIABANK Corp,0.36
HR,Healthcare Realty Trust Inc,0.36
SNX,SYNNEX Corp,0.35
SWX,Southwest Gas Corp,0.35
CNO,CNO Financial Group Inc,0.35
UMBF,UMB Financial Corp,0.35
MKSI,MKS Instruments Inc,0.35
BKH,Black Hills Corp,0.35
SF,Stifel Financial Corp,0.34
OGS,ONE Gas Inc,0.34
NTCT,NetScout Systems Inc,0.34
MBFI,MB Financial Inc,0.34
TECD,Tech Data Corp,0.34
ALE,ALLETE Inc,0.33
TDY,Teledyne Technologies Inc,0.33
LNCE,Snyder's-Lance Inc,0.33
EME,EMCOR Group Inc,0.32
SHO,Sunstone Hotel Investors Inc,0.32
FULT,Fulton Financial Corp,0.32
GPT,Gramercy Property Trust Inc,0.32
LHO,LaSalle Hotel Properties,0.31
OAS,Oasis Petroleum Inc,0.31
KMT,Kennametal Inc,0.31
STL,Sterling Bancorp/DE,0.31
NJR,New Jersey Resources Corp,0.31
CACI,CACI International Inc,0.31
UBSI,United Bankshares Inc/WV,0.3
VLY,Valley National Bancorp,0.3
WAFD,Washington Federal Inc,0.3
WMGI,Wright Medical Group Inc,0.3
WNR,Western Refining Inc,0.3
SR,Standard Register Co,0.3
DAN,Dana Holding Corp,0.3
PNM,PNM Resources Inc,0.3
SANM,Sanmina Corp,0.3
CATY,Cathay General Bancorp,0.29
FNSR,Finisar Corp,0.29
NWE,NorthWestern Corp,0.29
RLJ,RLJ Lodging Trust,0.28
JOY,Joy Global Inc,0.28
CUZ,Cousins Properties Inc,0.28
CLF,Cliffs Natural Resources Inc,0.27
PNFP,Pinnacle Financial Partners Inc,0.27
SJI,South Jersey Industries Inc,0.27
BXS,BancorpSouth Inc,0.27
GBCI,Glacier Bancorp Inc,0.27
ESL,Esterline Technologies Corp,0.27
FCNCA,First Citizens BancShares Inc/NC,0.27
GWB,Great Western Bancorp Inc,0.26
HOPE,HOPE BANCORP INC,0.26
ODP,Office Depot Inc,0.26
AKS,AK Steel Holding Corp,0.26
GEO,GEO Group Inc,0.26
GLNG,Golar LNG Ltd,0.26
EDR,Education Realty Trust Inc,0.26
B,Barnes Group Inc,0.26
AVA,Avista Corp,0.25
VRNT,Verint Systems Inc,0.25
SIGI,Selective Insurance Group Inc,0.25
ABM,ABM Industries Inc,0.25
BLUE,Bluebird Bio Inc,0.25
KLXI,KLX Inc,0.25
CBU,Community Bank System Inc,0.25
GATX,GATX Corp,0.24
CLI,Mack-Cali Realty Corp,0.24
CTB,Cooper Tire & Rubber Co,0.24
MPW,Medical Properties Trust Inc,0.24
FR,First Industrial Realty Trust Inc,0.24
CHFC,Chemical Financial Corp,0.24
ONB,Old National Bancorp/IN,0.24
AXE,Anixter International Inc,0.24
MDP,Meredith Corp,0.24
CVBF,CVB Financial Corp,0.24
ENS,EnerSys,0.24
LXP,Lexington Realty Trust,0.23
SSB,South State Corp,0.23
VIAV,VIAVI SOLUTIONS INC,0.23
COLB,Columbia Banking System Inc,0.23
SEMG,SemGroup Corp,0.23
CMC,Commercial Metals Co,0.22
DRH,DiamondRock Hospitality Co,0.22
ESGR,Enstar Group Ltd,0.22
VSH,Vishay Intertechnology Inc,0.22
SFR,COLONY STARWOOD HOMES REIT,0.22
TRMK,Trustmark Corp,0.22
UNFI,United Natural Foods Inc,0.21
DV,DeVry Education Group Inc,0.21
HTH,Hilltop Holdings Inc,0.21
SWC,Stillwater Mining Co,0.21
WWW,Wolverine World Wide Inc,0.2
IBOC,International Bancshares Corp,0.2
PEB,Pebblebrook Hotel Trust,0.2
DGI,DigitalGlobe Inc,0.2
EVER,EverBank Financial Corp,0.2
UCBI,United Community Banks Inc/GA,0.2
HAE,Haemonetics Corp,0.2
EE,El Paso Electric Co,0.2
OMI,Owens & Minor Inc,0.2
EXEL,Exelixis Inc,0.2
VAC,Marriott Vacations Worldwide Corp,0.2
FMBI,First Midwest Bancorp Inc/IL,0.2
AKR,Acadia Realty Trust,0.2
AAN,Aaron's Inc,0.19
AGII,Argo Group International Holdings Ltd,0.19
TIME,Time Inc,0.19
TTEK,Tetra Tech Inc,0.19
MOG.A,Moog Inc,0.19
HL,Hecla Mining Co,0.19
SAFM,Sanderson Farms Inc,0.19
AF,Astoria Financial Corp,0.19
ATI,Allegheny Technologies Inc,0.19
ILG,ILG INC,0.19
CFFN,Capitol Federal Financial Inc,0.19
PLXS,Plexus Corp,0.19
JNS,Janus Capital Group Inc,0.18
LTXB,LegacyTexas Financial Group Inc,0.18
HYH,Halyard Health Inc,0.18
NYT,New York Times Co,0.18
SKYW,SkyWest Inc,0.18
KS,KapStone Paper and Packaging Corp,0.18
UNF,UniFirst Corp/MA,0.18
GNW,Genworth Financial Inc,0.18
TPH,TRI Pointe Group Inc,0.18
TOWN,Towne Bank/Portsmouth VA,0.18
KRG,Kite Realty Group Trust,0.18
DNOW,NOW Inc,0.18
FDP,Fresh Del Monte Produce Inc,0.18
XHR,Xenia Hotels & Resorts Inc,0.18
RNST,Renasant Corp,0.17
AEL,American Equity Investment Life Holding Co,0.17
MRC,MRC Global Inc,0.17
IVR,Invesco Mortgage Capital Inc,0.17
MORE,Monogram Residential Trust Inc,0.17
DAR,Darling Ingredients Inc,0.17
BANR,Banner Corp,0.17
FFBC,First Financial Bancorp,0.17
HMN,Horace Mann Educators Corp,0.17
MRCY,Mercury Systems Inc,0.17
NBTB,NBT Bancorp Inc,0.17
CRS,Carpenter Technology Corp,0.17
NWBI,Northwest Bancshares Inc,0.17
INDB,Independent Bank Corp/Rockland MA,0.16
SFNC,Simmons First National Corp,0.16
OIS,Oil States International Inc,0.16
CBL,CBL & Associates Properties Inc,0.16
ARRY,Array BioPharma Inc,0.16
SIR,Select Income REIT,0.16
DECK,Deckers Outdoor Corp,0.16
KN,Knowles Corp,0.16
KMPR,Kemper Corp,0.16
FRME,First Merchants Corp,0.16
PFS,Provident Financial Services Inc,0.16
NWN,Northwest Natural Gas Co,0.16
MDR,McDermott International Inc,0.16
NSIT,Insight Enterprises Inc,0.16
BHE,Benchmark Electronics Inc,0.16
PRAA,PRA Group Inc,0.16
FCN,FTI Consulting Inc,0.16
GNL,GLOBAL NET LEASE INC,0.16
WSBC,WesBanco Inc,0.15
DK,Delek US Holdings Inc,0.15
UBSH,Union Bankshares Corp,0.15
UVV,Universal Corp/VA,0.15
BLD,TopBuild Corp,0.15
AVP,Avon Products Inc,0.15
TIVO,TiVo Inc,0.15
WRE,Washington Real Estate Investment Trust,0.15
ARI,Apollo Commercial Real Estate Finance Inc,0.15
IOSP,Innospec Inc,0.15
SBRA,Sabra Health Care REIT Inc,0.14
FCB,FCB Financial Holdings Inc,0.14
CCMP,Cabot Microelectronics Corp,0.14
IIVI,II-VI Inc,0.14
PRK,Park National Corp,0.14
ESE,ESCO Technologies Inc,0.14
BRKS,Brooks Automation Inc,0.14
ACCO,ACCO Brands Corp,0.14
MTOR,Meritor Inc,0.14
OTTR,Otter Tail Corp,0.14
SCL,Stepan Co,0.14
BPFH,Boston Private Financial Holdings Inc,0.14
RH,Restoration Hardware Holdings Inc,0.14
WABC,Westamerica Bancorporation,0.14
SSP,EW Scripps Co,0.14
DSW,DSW Inc,0.13
INN,Summit Hotel Properties Inc,0.13
CAL,CALERES INC,0.13
MTH,Meritage Homes Corp,0.13
WDR,Waddell & Reed Financial Inc,0.13
CUB,Cubic Corp,0.13
KRNY,Kearny Financial Corp/MD,0.13
AAWW,Atlas Air Worldwide Holdings Inc,0.13
SRCI,SRC ENERGY INC,0.13
WSFS,WSFS Financial Corp,0.13
DBD,Diebold Inc,0.13
BNCN,BNC Bancorp,0.13
CSFL,CenterState Banks Inc,0.13
TMP,Tompkins Financial Corp,0.12
TGI,Triumph Group Inc,0.12
GDOT,Green Dot Corp,0.12
SPTN,SpartanNash Co,0.12
MTX,Minerals Technologies Inc,0.12
FCF,First Commonwealth Financial Corp,0.12
ADC,Agree Realty Corp,0.12
FET,Forum Energy Technologies Inc,0.12
KAMN,Kaman Corp,0.12
STBA,S&T Bancorp Inc,0.12
CYS,CYS Investments Inc,0.12
CW,Curtiss-Wright Corp,0.12
NAV,Navistar International Corp,0.12
SEM,Select Medical Holdings Corp,0.12
OSIS,OSI Systems Inc,0.12
GPI,Group 1 Automotive Inc,0.12
WPG,WP GLIMCHER Inc,0.12
RWT,Redwood Trust Inc,0.12
ABY,ATLANTICA YIELD PLC,0.12
ORA,Ormat Technologies Inc,0.12
AIT,Applied Industrial Technologies Inc,0.12
KBH,KB Home,0.12
EIG,Employers Holdings Inc,0.12
XXIA,Ixia,0.12
PRGS,Progress Software Corp,0.12
AMC,AMC Entertainment Holdings Inc,0.12
SCHL,Scholastic Corp,0.12
DOC,Physicians Realty Trust,0.12
ITGR,INTEGER HOLDINGS CORP,0.12
NAVG,Navigators Group Inc,0.12
MBI,MBIA Inc,0.12
WERN,Werner Enterprises Inc,0.12
FSP,Franklin Street Properties Corp,0.12
ENTG,Entegris Inc,0.11
MGEE,MGE Energy Inc,0.11
HTLF,Heartland Financial USA Inc,0.11
TTMI,TTM Technologies Inc,0.11
CNMD,CONMED Corp,0.11
VECO,Veeco Instruments Inc,0.11
GBX,Greenbrier Cos Inc,0.11
WD,Walker & Dunlop Inc,0.11
FLOW,Flow International Corp,0.11
PMT,PennyMac Mortgage Investment Trust,0.11
RPT,Ramco-Gershenson Properties Trust,0.11
AYR,Aircastle Ltd,0.11
BHLB,Berkshire Hills Bancorp Inc,0.11
BNCL,Beneficial Bancorp Inc,0.11
SAIA,Saia Inc,0.11
ACXM,Acxiom Corp,0.11
SYKE,Sykes Enterprises Inc,0.11
AIR,AAR Corp,0.11
NCI,Navigant Consulting Inc,0.11
UNT,Unit Corp,0.11
AAT,American Assets Trust Inc,0.11
VG,Vonage Holdings Corp,0.11
TERP,TerraForm Power Inc,0.11
VGR,Vector Group Ltd,0.11
AIN,Albany International Corp,0.1
IPCC,Infinity Property & Casualty Corp,0.1
NYLD,NRG Yield Inc,0.1
SEB,Seaboard Corp,0.1
BRKL,Brookline Bancorp Inc,0.1
CC,Chemours Co,0.1
GTLS,Chart Industries Inc,0.1
TBI,TrueBlue Inc,0.1
RMBS,Rambus Inc,0.1
LKFN,Lakeland Financial Corp,0.1
CYH,Community Health Systems Inc,0.1
TROX,Tronox Ltd,0.1
AMBA,Ambarella Inc,0.1
CHSP,Chesapeake Lodging Trust,0.1
GCO,Genesco Inc,0.1
SRG,SERITAGE GROWTH PROPERTIES CLA,0.1
ANDE,Andersons Inc,0.1
CHMT,Chemtura Corp,0.1
HLX,Helix Energy Solutions Group Inc,0.1
CKH,SEACOR Holdings Inc,0.1
ACOR,Acorda Therapeutics Inc,0.1
SPXC,SPX Corp,0.1
INVN,InvenSense Inc,0.1
AMKR,Amkor Technology Inc,0.1
GOV,Government Properties Income Trust,0.1
BID,Sotheby's,0.1
BEL,Belmond Ltd,0.1
STC,Stewart Information Services Corp,0.1
TPC,Tutor Perini Corp,0.1
FFIN,First Financial Bankshares Inc,0.1
SWM,Schweitzer-Mauduit International Inc,0.1
SCSC,ScanSource Inc,0.1
HAFC,Hanmi Financial Corp,0.1
PJC,Piper Jaffray Cos,0.1
SASR,Sandy Spring Bancorp Inc,0.1
LC,LendingClub Corp,0.1
RMAX,RE/MAX Holdings Inc,0.1
CMO,Capstead Mortgage Corp,0.1
WNC,Wabash National Corp,0.1
HSC,Harsco Corp,0.1
ROG,Rogers Corp,0.1
TRS,TriMas Corp,0.09
GCI,Gannett Co Inc,0.09
NXST,Nexstar Broadcasting Group Inc,0.09
CIR,CIRCOR International Inc,0.09
ALEX,Alexander & Baldwin Inc,0.09
CVG,Convergys Corp,0.09
BGG,Briggs & Stratton Corp,0.09
GLT,PH Glatfelter Co,0.09
CHCO,City Holding Co,0.09
WIRE,Encore Wire Corp,0.09
CPK,Chesapeake Utilities Corp,0.09
SHLM,A Schulman Inc,0.09
BUSE,First Busey Corp,0.09
LQ,La Quinta Holdings Inc,0.09
ISCA,International Speedway Corp,0.09
TRNO,Terreno Realty Corp,0.09
WSTC,West Corp,0.09
CPF,Central Pacific Financial Corp,0.09
DIOD,Diodes Inc,0.09
SVU,SUPERVALU Inc,0.09
STBZ,State Bank Financial Corp,0.09
MSGN,MSG NETWORKS INC CLASS A,0.09
MANT,ManTech International Corp/VA,0.09
FCFS,First Cash Financial Services Inc,0.09
UFCS,United Fire Group Inc,0.09
SYBT,Stock Yards Bancorp Inc,0.09
CFNL,Cardinal Financial Corp,0.09
PNK,Pinnacle Entertainment Inc,0.09
KW,Kennedy-Wilson Holdings Inc,0.09
NSA,National Storage Affiliates Trust,0.09
NNI,Nelnet Inc,0.09
SBSI,Southside Bancshares Inc,0.09
TVTY,TIVITY HEALTH INC,0.09
REXR,Rexford Industrial Realty Inc,0.09
DF,Dean Foods Co,0.09
SFL,Ship Finance International Ltd,0.08
KRA,Kraton Performance Polymers Inc,0.08
ATU,Actuant Corp,0.08
KALU,Kaiser Aluminum Corp,0.08
GPRE,Green Plains Inc,0.08
DNR,Denbury Resources Inc,0.08
AROC,ARCHROCK INC,0.08
FSS,Federal Signal Corp,0.08
EXTN,EXTERRAN CORP,0.08
MHLD,Maiden Holdings Ltd,0.08
DYN,Dynegy Inc,0.08
HASI,Hannon Armstrong Sustainable Infrastructure Capital Inc,0.08
UBNK,United Financial Bancorp Inc,0.08
TRTN,TRITON INTERNATIONAL LTD,0.08
JOE,St Joe Co,0.08
SAFT,Safety Insurance Group Inc,0.08
MSTR,MicroStrategy Inc,0.08
ALOG,Analogic Corp,0.08
EFSC,Enterprise Financial Services Corp,0.08
FPRX,Five Prime Therapeutics Inc,0.08
PKY,Parkway Properties Inc/Md,0.08
LBAI,Lakeland Bancorp Inc,0.08
FIBK,First Interstate BancSystem Inc,0.08
NHC,National HealthCare Corp,0.08
BLX,Banco Latinoamericano de Comercio Exterior SA,0.08
TIER,Tier REIT Inc,0.08
ARR,ARMOUR Residential REIT Inc,0.08
ANF,Abercrombie & Fitch Co,0.08
MMSI,Merit Medical Systems Inc,0.08
CBB,Cincinnati Bell Inc,0.08
MGRC,McGrath RentCorp,0.08
HURN,Huron Consulting Group Inc,0.08
AEGN,Aegion Corp,0.08
CWEI,Clayton Williams Energy Inc,0.08
LZB,La-Z-Boy Inc,0.08
FNFV,FNFV Group,0.08
SJW,SJW Corp,0.08
MNR,Monmouth Real Estate Investment Corp,0.08
NCMI,National CineMedia Inc,0.07
WASH,Washington Trust Bancorp Inc,0.07
AAOI,Applied Optoelectronics Inc,0.07
MSFG,MainSource Financial Group Inc,0.07
MDC,MDC Holdings Inc,0.07
TMST,TimkenSteel Corp,0.07
NAT,Nordic American Tankers Ltd,0.07
ICFI,ICF International Inc,0.07
MATX,Matson Inc,0.07
HT,Hersha Hospitality Trust,0.07
TPRE,Third Point Reinsurance Ltd,0.07
FFIC,Flushing Financial Corp,0.07
SMCI,Super Micro Computer Inc,0.07
RESI,Altisource Residential Corp,0.07
PEI,Pennsylvania Real Estate Investment Trust,0.07
ATNI,Atlantic Tele-Network Inc,0.07
MTW,Manitowoc Co Inc,0.07
SNR,New Senior Investment Group Inc,0.07
CLDT,Chatham Lodging Trust,0.07
GES,Guess? Inc,0.07
KFY,Korn/Ferry International,0.07
EBSB,Meridian Bancorp Inc,0.07
MTGE,American Capital Mortgage Investment Corp,0.07
OCFC,OceanFirst Financial Corp,0.07
GPRO,GoPro Inc,0.07
ATW,Atwood Oceanics Inc,0.07
SRCE,1st Source Corp,0.07
TCBK,TriCo Bancshares,0.07
AVX,AVX Corp,0.07
IRDM,Iridium Communications Inc,0.07
CASH,Meta Financial Group Inc,0.07
PPBI,Pacific Premier Bancorp Inc,0.07
ICUI,ICU Medical Inc,0.07
BANF,BancFirst Corp,0.07
JACK,Jack in the Box Inc,0.07
SBY,Silver Bay Realty Trust Corp,0.07
IRET,Investors Real Estate Trust,0.07
NYMT,New York Mortgage Trust Inc,0.07
TRST,TrustCo Bank Corp NY,0.07
CBZ,CBIZ Inc,0.07
FOSL,Fossil Group Inc,0.07
NWLI,National Western Life Insurance Co,0.07
EXPR,Express Inc,0.07
PLAB,Photronics Inc,0.07
HFWA,Heritage Financial Corp/WA,0.07
LHCG,LHC Group Inc,0.07
CNOB,ConnectOne Bancorp Inc,0.07
IBTX,Independent Bank Group Inc,0.07
CACQ,Caesars Acquisition Co,0.07
CCC,Calgon Carbon Corp,0.07
MSA,MSA Safety Inc,0.07
KND,Kindred Healthcare Inc,0.07
SBCF,Seacoast Banking Corp of Florida,0.07
CTS,CTS Corp,0.07
CTBI,Community Trust Bancorp Inc,0.07
RTRX,Retrophin Inc,0.07
HIFR,InfraREIT Inc,0.07
PJT,PJT PARTNERS INC CLASS A,0.07
FBP,First BanCorp/Puerto Rico,0.07
ARCB,ArcBest Corp,0.07
NFBK,Northfield Bancorp Inc,0.07
NOVT,NOVANTA INC,0.06
MYRG,MYR Group Inc,0.06
IMKTA,Ingles Markets Inc,0.06
UTL,Unitil Corp,0.06
GLOG,GasLog Ltd,0.06
JRVR,JAMES RIVER GROUP HOLDINGS LTD,0.06
CBF,Capital Bank Financial Corp,0.06
NNBR,NN Inc,0.06
INTL,INTL. FCStone Inc,0.06
CENX,Century Aluminum Co,0.06
NR,Newpark Resources Inc,0.06
CAVM,Cavium Inc,0.06
SAH,Sonic Automotive Inc,0.06
MCS,Marcus Corp,0.06
SXC,SunCoke Energy Inc,0.06
SCHN,Schnitzer Steel Industries Inc,0.06
FLIC,First of Long Island Corp,0.06
FBC,Flagstar Bancorp Inc,0.06
TOWR,Tower International Inc,0.06
NYLDA,NRG YIELD INC CLASS A,0.06
CWT,California Water Service Group,0.06
HMST,HomeStreet Inc,0.06
AMBC,Ambac Financial Group Inc,0.06
KCG,KCG Holdings Inc,0.06
MNTA,Momenta Pharmaceuticals Inc,0.06
ATSG,Air Transport Services Group Inc,0.06
UVSP,Univest Corp of Pennsylvania,0.06
PMC,PharMerica Corp,0.06
PHH,PHH Corp,0.06
NRE,NORTHSTAR REALTY EUROPE CORP,0.06
GABC,German American Bancorp Inc,0.06
MTRN,Materion Corp,0.06
FMSA,Fairmount Santrol Holdings Inc,0.06
FWONA,LIBERTY MEDIA FORMULA ONE CORP SER,0.06
FFG,FBL Financial Group Inc,0.06
MOH,Molina Healthcare Inc,0.06
BMTC,Bryn Mawr Bank Corp,0.06
ECPG,Encore Capital Group Inc,0.06
DCOM,Dime Community Bancshares Inc,0.06
GTY,Getty Realty Corp,0.06
RTEC,Rudolph Technologies Inc,0.06
STNG,Scorpio Tankers Inc,0.06
GSM,Globe Specialty Metals Inc,0.06
THR,Thermon Group Holdings Inc,0.06
PFBC,Preferred Bank/Los Angeles CA,0.06
GLRE,Greenlight Capital Re Ltd,0.06
ROIC,Retail Opportunity Investments Corp,0.06
CAC,Camden National Corp,0.06
ELY,Callaway Golf Co,0.06
ORIT,Oritani Financial Corp,0.06
AJRD,Aerojet Rocketdyne Holdings Inc,0.06
BDGE,Bridge Bancorp Inc,0.06
SUP,Superior Industries International Inc,0.06
KELYA,Kelly Services Inc,0.06
LADR,Ladder Capital Corp,0.06
ASTE,Astec Industries Inc,0.06
NX,Quanex Building Products Corp,0.06
RPXC,RPX Corp,0.06
DEA,Easterly Government Properties Inc,0.06
LCI,Lannett Co Inc,0.06
LRN,K12 Inc,0.06
NTGR,NETGEAR Inc,0.05
UTEK,Ultratech Inc,0.05
XPER,XPERI CORP,0.05
NEWM,New Media Investment Group Inc,0.05
NMIH,NMI Holdings Inc,0.05
SGBK,Stonegate Bank,0.05
AMAG,AMAG Pharmaceuticals Inc,0.05
FBNC,First Bancorp/Southern Pines NC,0.05
COBZ,CoBiz Financial Inc,0.05
VRTS,Virtus Investment Partners Inc,0.05
FPO,First Potomac Realty Trust,0.05
CUNB,CU Bancorp,0.05
SDRL,Seadrill Ltd,0.05
WMK,Weis Markets Inc,0.05
ALG,Alamo Group Inc,0.05
GSBC,Great Southern Bancorp Inc,0.05
ESND,Essendant Inc,0.05
AGM,Federal Agricultural Mortgage Corp,0.05
RRGB,Red Robin Gourmet Burgers Inc,0.05
CECO,Career Education Corp,0.05
MRTN,Marten Transport Ltd,0.05
BKS,Barnes & Noble Inc,0.05
MOD,Modine Manufacturing Co,0.05
IRT,INDEPENDENCE REALTY TRUST REIT INC,0.05
AWR,American States Water Co,0.05
VSAR,Versartis Inc,0.05
KAI,Kadant Inc,0.05
EGL,Engility Holdings Inc,0.05
ANH,Anworth Mortgage Asset Corp,0.05
CSWI,CSW INDUSTRIALS INC,0.05
MBWM,Mercantile Bank Corp,0.05
WAIR,Wesco Aircraft Holdings Inc,0.05
CUBI,Customers Bancorp Inc,0.05
CZR,Caesars Entertainment Corp,0.05
PEBO,Peoples Bancorp Inc/OH,0.05
WIN,WINDSTREAM HOLDINGS INC,0.05
QCRH,QCR Holdings Inc,0.05
OFG,OFG Bancorp,0.05
NGVT,INGEVITY CORP,0.05
DXPE,DXP Enterprises Inc,0.05
PCBK,Pacific Continental Corp,0.05
HBNC,Horizon Bancorp/IN,0.05
SSYS,Stratasys Ltd,0.05
GVA,Granite Construction Inc,0.05
TSC,TriState Capital Holdings Inc,0.05
NGHC,National General Holdings Corp,0.05
TLRD,TAILORED BRANDS INC,0.05
OCN,Ocwen Financial Corp,0.05
BCOR,Blucora Inc,0.05
MITT,AG Mortgage Investment Trust Inc,0.05
AHT,Ashford Hospitality Trust Inc,0.05
CRC,California Resources Corp,0.05
FRED,Fred's Inc,0.05
VRTV,Veritiv Corp,0.05
ACTA,Actua Corp,0.05
RECN,Resources Connection Inc,0.05
WLH,William Lyon Homes,0.05
CMCO,Columbus McKinnon Corp/NY,0.05
MGI,MoneyGram International Inc,0.05
CWST,Casella Waste Systems Inc,0.05
LL,Lumber Liquidators Holdings Inc,0.04
MHO,M/I Homes Inc,0.04
RCII,Rent-A-Center Inc/TX,0.04
OKSB,Southwest Bancorp Inc,0.04
FINL,Finish Line Inc,0.04
RXN,Rexnord Corp,0.04
CATO,Cato Corp,0.04
XCRA,Xcerra Corp,0.04
STRA,Strayer Education Inc,0.04
RATE,Bankrate Inc,0.04
FRO,Frontline Ltd/Bermuda,0.04
GOOD,Gladstone Commercial Corp,0.04
SCNB,Suffolk Bancorp,0.04
AVAV,Aerovironment Inc,0.04
UCTT,Ultra Clean Holdings Inc,0.04
PIR,Pier 1 Imports Inc,0.04
TWI,Titan International Inc,0.04
PGC,Peapack Gladstone Financial Corp,0.04
ASNA,Ascena Retail Group Inc,0.04
WSBF,Waterstone Financial Inc,0.04
BRS,Bristow Group Inc,0.04
SALT,Scorpio Bulkers Inc,0.04
DHT,DHT Holdings Inc,0.04
MGLN,Magellan Health Inc,0.04
HSII,Heidrick & Struggles International Inc,0.04
LION,Fidelity Southern Corp,0.04
THFF,First Financial Corp/IN,0.04
ANGO,AngioDynamics Inc,0.04
HAYN,Haynes International Inc,0.04
COHU,Cohu Inc,0.04
FISI,Financial Institutions Inc,0.04
ITG,Investment Technology Group Inc,0.04
ENTA,Enanta Pharmaceuticals Inc,0.04
ESPR,Esperion Therapeutics Inc,0.04
ACLS,Axcelis Technologies Inc,0.04
TG,Tredegar Corp,0.04
REX,REX American Resources Corp,0.04
GK,G&K Services Inc,0.04
ROCK,Gibraltar Industries Inc,0.04
RGS,Regis Corp,0.04
FDEF,First Defiance Financial Corp,0.04
FARO,FARO Technologies Inc,0.04
TK,Teekay Corp,0.04
CTWS,Connecticut Water Service Inc,0.04
KEYW,KEYW Holding Corp,0.04
INFN,Infinera Corp,0.04
KE,Kimball Electronics Inc,0.04
KTOS,Kratos Defense & Security Solutions Inc,0.04
REI,Ring Energy Inc,0.04
BHB,Bar Harbor Bankshares,0.04
GLBL,TERRAFORM GLOBAL INC CLASS A,0.04
BRC,Brady Corp,0.04
HLIT,Harmonic Inc,0.04
VSI,Vitamin Shoppe Inc,0.04
BW,Babcock & Wilcox Enterprises Inc,0.04
STFC,State Auto Financial Corp,0.04
HVT,Haverty Furniture Cos Inc,0.04
AVD,American Vanguard Corp,0.04
GTS,Triple-S Management Corp,0.04
CDR,Cedar Realty Trust Inc,0.04
FCPT,FOUR CORNERS PROPERTY INC TRUST,0.04
VSAT,ViaSat Inc,0.04
UFI,Unifi Inc,0.04
IBCP,Independent Bank Corp/MI,0.04
ABCB,Ameris Bancorp,0.04
SNC,State National Cos Inc,0.04
EBF,Ennis Inc,0.04
RLI,RLI Corp,0.04
LMNX,Luminex Corp,0.04
GBNK,Guaranty Bancorp,0.04
RGNX,REGENXBIO INC,0.04
MTRX,Matrix Service Co,0.04
DIN,DineEquity Inc,0.04
EZPW,Ezcorp Inc,0.04
CTT,CatchMark Timber Trust Inc,0.04
NXRT,NEXPOINT RESIDENTIAL TRUST INC TRU,0.04
BMRC,Bank of Marin Bancorp,0.04
KWR,Quaker Chemical Corp,0.04
OME,Omega Protein Corp,0.04
ATRA,Atara Biotherapeutics Inc,0.04
PSTB,Park Sterling Corp,0.04
FRBK,Republic First Bancorp Inc,0.04
UAM,Universal American Corp/NY,0.04
JBSS,John B Sanfilippo & Son Inc,0.04
AFI,ARMSTRONG FLOORING INC,0.04
VVI,Viad Corp,0.04
AFAM,Almost Family Inc,0.04
CORR,CorEnergy Infrastructure Trust Inc,0.04
SMP,Standard Motor Products Inc,0.04
WMC,Western Asset Mortgage Capital Corp,0.04
NPK,National Presto Industries Inc,0.04
ALJ,Alon USA Energy Inc,0.04
FCBC,First Community Bancshares Inc/VA,0.04
UCFC,United Community Financial Corp/OH,0.04
BHBK,Blue Hills Bancorp Inc,0.04
EGBN,Eagle Bancorp Inc,0.04
TBK,Triumph Bancorp Inc,0.04
RAVN,Raven Industries Inc,0.04
FOR,Forestar Group Inc,0.04
BKMU,Bank Mutual Corp,0.04
HTBI,HomeTrust Bancshares Inc,0.04
BZH,Beazer Homes USA Inc,0.04
SN,Sanchez Energy Corp,0.04
AROW,Arrow Financial Corp,0.04
DFRG,Del Frisco's Restaurant Group Inc,0.04
HMHC,Houghton Mifflin Harcourt Co,0.04
HEOP,Heritage Oaks Bancorp,0.03
CNXN,PC Connection Inc,0.03
OB,OneBeacon Insurance Group Ltd,0.03
SALE,RetailMeNot Inc,0.03
EROS,Eros International PLC,0.03
HOFT,Hooker Furniture Corp,0.03
FORM,FormFactor Inc,0.03
MDCO,Medicines Co,0.03
DX,Dynex Capital Inc,0.03
OSBC,OLD SECOND BANCORP INC.,0.03
FSB,Franklin Financial Network Inc,0.03
ZUMZ,Zumiez Inc,0.03
RUN,Sunrun Inc,0.03
AMSF,AMERISAFE Inc,0.03
TRC,Tejon Ranch Co,0.03
CVI,CVR Energy Inc,0.03
SHOR,ShoreTel Inc,0.03
BSRR,Sierra Bancorp,0.03
PKOH,Park-Ohio Holdings Corp,0.03
OLP,One Liberty Properties Inc,0.03
BANC,Banc of California Inc,0.03
FTD,FTD Cos Inc,0.03
WRLD,World Acceptance Corp,0.03
ARII,American Railcar Industries Inc,0.03
LMOS,Lumos Networks Corp,0.03
CECE,CECO Environmental Corp,0.03
MOFG,MidWestOne Financial Group Inc,0.03
GBLI,Global Indemnity PLC,0.03
CTRL,Control4 Corp,0.03
PARR,PAR PACIFIC HOLDINGS INC,0.03
OTIC,Otonomy Inc,0.03
FLXS,Flexsteel Industries Inc,0.03
NCOM,National Commerce Corp,0.03
YRCW,YRC Worldwide Inc,0.03
INSW,INTERNATIONAL SEAWAYS INC,0.03
DCO,Ducommun Inc,0.03
APTS,Preferred Apartment Communities Inc,0.03
AMNB,American National Bankshares Inc,0.03
AT,Atlantic Power Corp,0.03
EBTC,Enterprise Bancorp Inc/MA,0.03
NSM,Nationstar Mortgage Holdings Inc,0.03
MCRI,Monarch Casino & Resort Inc,0.03
CENT,Central Garden & Pet Co,0.03
ENVA,Enova International Inc,0.03
HRTG,Heritage Insurance Holdings Inc,0.03
BNED,Barnes & Noble Education Inc,0.03
ETM,Entercom Communications Corp,0.03
HCI,HCI Group Inc,0.03
CDE,Coeur Mining Inc,0.03
HY,Hyster-Yale Materials Handling Inc,0.03
HWKN,Hawkins Inc,0.03
TVPT,Travelport Worldwide Ltd,0.03
IVC,Invacare Corp,0.03
NTB,BANK OF NT BUTTERFIELD & SON LTD,0.03
BH,Biglari Holdings Inc,0.03
GCP,GCP APPLIED TECHNOLOGIES INC,0.03
ADTN,ADTRAN Inc,0.03
ARDX,Ardelyx Inc,0.03
CHGG,Chegg Inc,0.03
PDLI,PDL BioPharma Inc,0.03
ABTX,ALLEGIANCE BANCSHARES INC,0.03
CARO,Carolina Financial Corp,0.03
NCBS,NICOLET BANKSHARES INC,0.03
BV,Bazaarvoice Inc,0.03
PKE,Park Electrochemical Corp,0.03
PTCT,PTC Therapeutics Inc,0.03
WSR,Whitestone REIT,0.03
CNSL,Consolidated Communications Holdings Inc,0.03
EXAR,Exar Corp,0.03
GEF.B,Greif Inc,0.03
GTN,Gray Television Inc,0.03
TGH,Textainer Group Holdings Ltd,0.03
SPOK,Spok Holdings Inc,0.03
COWN,Cowen Group Inc,0.03
SNOW,Intrawest Resorts Holdings Inc,0.03
REGI,Renewable Energy Group Inc,0.03
BKE,Buckle Inc,0.03
EVH,Evolent Health Inc,0.03
MINI,Mobile Mini Inc,0.03
MOV,Movado Group Inc,0.03
ACRE,Ares Commercial Real Estate Corp,0.03
KTWO,K2M Group Holdings Inc,0.03
WTBA,West Bancorporation Inc,0.03
TESO,Tesco Corp,0.03
WINS,WINS FINANCE HOLDINGS INC,0.03
CCS,Century Communities Inc,0.03
SPPI,Spectrum Pharmaceuticals Inc,0.03
DAKT,Daktronics Inc,0.03
CIA,Citizens Inc/TX,0.03
GNBC,Green Bancorp Inc,0.03
KRO,Kronos Worldwide Inc,0.03
SCVL,Shoe Carnival Inc,0.03
CSBK,Clifton Bancorp Inc,0.03
FMNB,Farmers National Banc Corp,0.03
IPAR,Inter Parfums Inc,0.03
PUB,People's Utah Bancorp,0.03
IXYS,IXYS Corp,0.03
FGL,Fidelity & Guaranty Life,0.03
QUAD,Quad/Graphics Inc,0.03
AOSL,Alpha & Omega Semiconductor Ltd,0.03
FF,FutureFuel Corp,0.03
RBCAA,Republic Bancorp Inc/KY,0.03
CMTL,Comtech Telecommunications Corp,0.03
APEI,American Public Education Inc,0.03
VSEC,VSE Corp,0.03
CCNE,CNB Financial Corp/PA,0.03
MDCA,MDC Partners Inc,0.03
CLDX,Celldex Therapeutics Inc,0.03
PES,Pioneer Energy Services Corp,0.03
DGII,Digi International Inc,0.03
HTBK,Heritage Commerce Corp,0.03
NGS,Natural Gas Services Group Inc,0.03
ICON,Iconix Brand Group Inc,0.03
CALX,Calix Inc,0.02
POWL,Powell Industries Inc,0.02
SXI,Standex International Corp,0.02
NC,NACCO Industries Inc,0.02
CRAI,CRA International Inc,0.02
CARA,Cara Therapeutics Inc,0.02
LE,Lands' End Inc,0.02
CALM,Cal-Maine Foods Inc,0.02
CASS,Cass Information Systems Inc,0.02
MBVT,Merchants Bancshares Inc/VT,0.02
TACO,Del Taco Restaurants Inc,0.02
PFIS,Peoples Financial Services Corp,0.02
TTPH,Tetraphase Pharmaceuticals Inc,0.02
RSO,Resource Capital Corp,0.02
FNLC,First Bancorp Inc/ME,0.02
CHCT,Community Healthcare Trust Inc,0.02
TNAV,Telenav Inc,0.02
LBY,Libbey Inc,0.02
LPG,Dorian LPG Ltd,0.02
FPI,Farmland Partners Inc,0.02
NUTR,Nutraceutical International Corp,0.02
PERY,Perry Ellis International Inc,0.02
CZNC,Citizens & Northern Corp,0.02
PICO,PICO Holdings Inc,0.02
FFWM,First Foundation Inc,0.02
CMRX,Chimerix Inc,0.02
HOV,Hovnanian Enterprises Inc,0.02
SONS,Sonus Networks Inc,0.02
FBNK,First Connecticut Bancorp Inc/Farmington CT,0.02
FFKT,Farmers Capital Bank Corp,0.02
RUSHB,Rush Enterprises Inc,0.02
CRMT,America's Car-Mart Inc/TX,0.02
BGFV,Big 5 Sporting Goods Corp,0.02
BBG,Bill Barrett Corp,0.02
GCAP,GAIN Capital Holdings Inc,0.02
SNBC,Sun Bancorp Inc/NJ,0.02
ATLO,Ames National Corp,0.02
EXAC,Exactech Inc,0.02
ARTNA,Artesian Resources Corp,0.02
BRG,Bluerock Residential Growth REIT Inc,0.02
ZGNX,Zogenix Inc,0.02
APFH,ADVANCEPIERRE FOODS HOLDINGS INC,0.02
TNK,Teekay Tankers Ltd,0.02
CTRN,Citi Trends Inc,0.02
UMH,UMH Properties Inc,0.02
CRR,CARBO Ceramics Inc,0.02
QADA,QAD Inc,0.02
LNDC,Landec Corp,0.02
FMBH,First Mid-Illinois Bancshares Inc,0.02
DENN,Denny's Corp,0.02
MCBC,Macatawa Bank Corp,0.02
CHFN,Charter Financial Corp/MD,0.02
ACBI,ATLANTIC CAPITAL BANCSHARES INC,0.02
LTC,LTC Properties Inc,0.02
AEO,American Eagle Outfitters Inc,0.02
LPX,Louisiana-Pacific Corp,0.02
NKSH,National Bankshares Inc,0.02
AI,Arlington Asset Investment Corp,0.02
SFE,Safeguard Scientifics Inc,0.02
AHP,Ashford Hospitality Prime Inc,0.02
CACB,Cascade Bancorp,0.02
UIS,Unisys Corp,0.02
TITN,Titan Machinery Inc,0.02
HZO,MarineMax Inc,0.02
UFPI,Universal Forest Products Inc,0.02
CAI,CAI International Inc,0.02
HONE,HARBORONE BANCORP INC,0.02
NPTN,NeoPhotonics Corp,0.02
MLR,Miller Industries Inc/TN,0.02
PEGI,Pattern Energy Group Inc,0.02
REV,Revlon Inc,0.02
FRPH,FRP Holdings Inc,0.02
DSPG,DSP Group Inc,0.02
TBBK,Bancorp Inc,0.02
RYAM,Rayonier Advanced Materials Inc,0.02
EMCI,EMC Insurance Group Inc,0.02
GHL,Greenhill & Co Inc,0.02
ORC,Orchid Island Capital Inc,0.02
NEWS,NewStar Financial Inc,0.02
UVE,Universal Insurance Holdings Inc,0.02
WFBI,WashingtonFirst Bankshares Inc,0.02
SENEA,Seneca Foods Corp,0.02
PLUS,ePlus Inc,0.02
CLNE,Clean Energy Fuels Corp,0.02
BELFB,Bel Fuse Inc,0.02
RRTS,Roadrunner Transportation Systems Inc,0.02
TBNK,Territorial Bancorp Inc,0.02
GLDD,Great Lakes Dredge & Dock Corp,0.02
ERA,Era Group Inc,0.02
OLBK,Old Line Bancshares Inc,0.02
CVTI,Covenant Transportation Group Inc,0.02
CGI,Celadon Group Inc,0.02
GNRT,GENER8 MARITIME INC,0.02
LOCO,El Pollo Loco Holdings Inc,0.02
RNET,RigNet Inc,0.02
FNHC,Federated National Holding Co,0.02
BWINB,Baldwin & Lyons Inc,0.02
TRK,Speedway Motorsports Inc,0.02
ONDK,On Deck Capital Inc,0.02
AKBA,Akebia Therapeutics Inc,0.02
VBTX,Veritex Holdings Inc,0.02
KOPN,Kopin Corp,0.02
GRBK,Green Brick Partners Inc,0.02
SPAR,Spartan Motors Inc,0.02
EQBK,EQUITY BANCSHARES INC CLASS A,0.02
LCUT,Lifetime Brands Inc,0.02
ANCX,Access National Corp,0.02
BFIN,BankFinancial Corp,0.02
KMG,KMG Chemicals Inc,0.02
GIII,G-III Apparel Group Ltd,0.02
MRLN,Marlin Business Services Corp,0.02
GHM,Graham Corp,0.02
GLUU,Glu Mobile Inc,0.02
ADUS,Addus HomeCare Corp,0.02
CCBG,Capital City Bank Group Inc,0.02
CVLY,Codorus Valley Bancorp Inc,0.02
BLMT,BSB Bancorp Inc/MA,0.02
RTIX,RTI Surgical Inc,0.02
SIGM,Sigma Designs Inc,0.02
ACTG,Acacia Research Corp,0.02
GSAT,Globalstar Inc,0.02
PDVW,Pacific DataVision Inc,0.02
RAS,RAIT Financial Trust,0.02
PRTY,Party City Holdco Inc,0.02
EVTC,EVERTEC Inc,0.02
WLB,Westmoreland Coal Co,0.02
KPTI,Karyopharm Therapeutics Inc,0.02
CMRE,Costamare Inc,0.02
DGAS,Delta Natural Gas Co Inc,0.02
WNEB,WESTERN NEW ENGLAND BANCORP INC,0.02
SHBI,Shore Bancshares Inc,0.02
RM,Regional Management Corp,0.02
CSS,CSS Industries Inc,0.02
FBIZ,First Business Financial Services Inc,0.02
ASC,Ardmore Shipping Corp,0.02
LXU,LSB Industries Inc,0.02
LYTS,LSI Industries Inc,0.02
NVEC,NVE Corp,0.02
FBK,FB FINANCIAL CORP,0.02
PWOD,Penns Woods Bancorp Inc,0.02
TRR,TRC Cos Inc,0.02
OMAM,OM Asset Management Plc,0.02
ORN,Orion Marine Group Inc,0.02
GEOS,Geospace Technologies Corp,0.02
SPA,Sparton Corp,0.02
HCHC,HC2 Holdings Inc,0.02
AJX,Great Ajax Corp,0.02
RDI,Reading International Inc,0.02
PEIX,Pacific Ethanol Inc,0.02
EPZM,Epizyme Inc,0.02
VPG,Vishay Precision Group Inc,0.02
LQDT,Liquidity Services Inc,0.02
STML,Stemline Therapeutics Inc,0.01
STRS,Stratus Properties Inc,0.01
LAYN,Layne Christensen Co,0.01
IMMR,Immersion Corp,0.01
BCC,Boise Cascade Co,0.01
FNWB,First Northwest Bancorp,0.01
MBRG,Middleburg Financial Corp,0.01
TTD,THE TRADE DESK INC,0.01
JONE,Jones Energy Inc,0.01
SILC,Silicom Ltd,0.01
INBK,First Internet Bancorp,0.01
WEYS,Weyco Group Inc,0.01
ORRF,Orrstown Financial Services Inc,0.01
RAIL,FreightCar America Inc,0.01
GIG,GigOptix Inc,0.01
ICD,Independence Contract Drilling Inc,0.01
SGRY,SURGERY PARTNERS INC,0.01
ASCMA,Ascent Capital Group Inc,0.01
TIPT,Tiptree Financial Inc,0.01
XBKS,Xenith Bankshares Inc,0.01
LLNW,Limelight Networks Inc,0.01
TUES,Tuesday Morning Corp,0.01
SIFI,SI Financial Group Inc,0.01
CWCO,Consolidated Water Co Ltd,0.01
TRNC,TRONC INC,0.01
MACK,Merrimack Pharmaceuticals Inc,0.01
ELF,ELF BEAUTY INC,0.01
DGICA,Donegal Group Inc,0.01
SND,SMART SAND INC,0.01
ADMS,Adamas Pharmaceuticals Inc,0.01
BWFG,Bankwell Financial Group Inc,0.01
PHX,Panhandle Oil and Gas Inc,0.01
TTI,TETRA Technologies Inc,0.01
ATKR,ATKORE INTERNATIONAL GROUP INC,0.01
USLM,United States Lime & Minerals Inc,0.01
HCOM,Hawaiian Telcom Holdco Inc,0.01
RYI,Ryerson Holding Corp,0.01
KNX,Knight Transportation Inc,0.01
SQBG,Sequential Brands Group Inc,0.01
PHIIK,PHI Inc,0.01
FFNW,First Financial Northwest Inc,0.01
RILY,B. Riley Financial Inc,0.01
AXAS,Abraxas Petroleum Corp,0.01
HIBB,Hibbett Sports Inc,0.01
MEI,Methode Electronics Inc,0.01
OMN,OMNOVA Solutions Inc,0.01
CFFI,C&F Financial Corp,0.01
FCH,FelCor Lodging Trust Inc,0.01
MCF,Contango Oil & Gas Co,0.01
MPG,Metaldyne Performance Group Inc,0.01
NNA,Navios Maritime Acquisition Corp,0.01
TUSK,MAMMOTH ENERGY SERVICES INC,0.01
RUBI,Rubicon Project Inc,0.01
OCLR,Oclaro Inc,0.01
RT,Ruby Tuesday Inc,0.01
AVHI,AV Homes Inc,0.01
IMH,Impac Mortgage Holdings Inc,0.01
JAX,J ALEXANDERS HOLDINGS INC,0.01
NANO,Nanometrics Inc,0.01
I,Intelsat SA,0.01
BOOT,Boot Barn Holdings Inc,0.01
ECR,Eclipse Resources Corp,0.01
HIFS,Hingham Institution for Savings,0.01
COTV,COTIVITI HOLDINGS INC,0.01
KVHI,KVH Industries Inc,0.01
ATRC,AtriCure Inc,0.01
BBOX,Black Box Corp,0.01
EPAY,Bottomline Technologies de Inc,0.01
ESCA,Escalade Inc,0.01
PROV,Provident Financial Holdings Inc,0.01
OPB,Opus Bank,0.01
AMRC,Ameresco Inc,0.01
GFF,Griffon Corp,0.01
IHC,Independence Holding Co,0.01
BSET,Bassett Furniture Industries Inc,0.01
MSBI,MIDLAND STATES BANCORP INC,0.01
AGYS,Agilysys Inc,0.01
HDNG,Hardinge Inc,0.01
NOG,Northern Oil and Gas Inc,0.01
FELE,Franklin Electric Co Inc,0.01
AEIS,Advanced Energy Industries Inc,0.01
WTS,Watts Water Technologies Inc,0.01
DWSN,Dawson Geophysical Co,0.01
ESSA,ESSA Bancorp Inc,0.01
AOI,Alliance One International Inc,0.01
TILE,Interface Inc,0.01
AP,Ampco-Pittsburgh Corp,0.01
QNST,QuinStreet Inc,0.01
ANIK,Anika Therapeutics Inc,0.01
PLPC,Preformed Line Products Co,0.01
BREW,Craft Brew Alliance Inc,0.01
CHMG,Chemung Financial Corp,0.01
CPS,Cooper-Standard Holding Inc,0.01
INVA,INNOVIVA INC,0.01
BBW,Build-A-Bear Workshop Inc,0.01
PMBC,Pacific Mercantile Bancorp,0.01
GDEN,GOLDEN ENTERTAINMENT INC,0.01
DLA,Delta Apparel Inc,0.01
BCRH,Blue Capital Reinsurance Holdings Ltd,0.01
MRT,MEDEQUITIES REALTY INC TRUST,0.01
NLNK,NewLink Genetics Corp,0.01
GENC,Gencor Industries Inc,0.01
RNWK,RealNetworks Inc,0.01
BCRX,BioCryst Pharmaceuticals Inc,0.01
TPHS,TRINITY PLACE HOLDINGS INC,0.01
WG,Willbros Group Inc,0.01
LNN,Lindsay Corp,0.01
FBRC,FBR & Co,0.01
NWHM,New Home Co Inc,0.01
BOFI,BofI Holding Inc,0.01
TLYS,Tilly's Inc,0.01
HOS,Hornbeck Offshore Services Inc,0.01
FRGI,Fiesta Restaurant Group Inc,0.01
NAME,Rightside Group Ltd,0.01
ZFGN,Zafgen Inc,0.01
WTI,W&T Offshore Inc,0.01
STRT,Strattec Security Corp,0.01
IPHS,Innophos Holdings Inc,0.01
NSR,NeuStar Inc,0.01
HUBG,Hub Group Inc,0.01
KIRK,Kirkland's Inc,0.01
STS,Supreme Industries Inc,0.01
TSQ,Townsquare Media Inc,0.01
GBL,GAMCO Investors Inc,0.01
WLFC,Willis Lease Finance Corp,0.01
TTGT,TechTarget Inc,0.01
BLCM,Bellicum Pharmaceuticals Inc,0.01
NGVC,Natural Grocers by Vitamin Cottage Inc,0.01
XONE,ExOne Co,0.01
KNSL,KINSALE CAPITAL GROUP INC,0.01
VLGEA,Village Super Market Inc,0.01
EMKR,EMCORE Corp,0.01
CNBKA,Century Bancorp Inc/MA,0.01
NRIM,Northrim BanCorp Inc,0.01
MBTF,MBT Financial Corp,0.01
VEC,Vectrus Inc,0.01
LCNB,LCNB Corp,0.01
SMBC,Southern Missouri Bancorp Inc,0.01
ITIC,Investors Title Co,0.01
AMRI,Albany Molecular Research Inc,0.01
ESIO,Electro Scientific Industries Inc,0.01
LTS,Ladenburg Thalmann Financial Services Inc,0.01
CHS,Chico's FAS Inc,0.01
PKD,Parker Drilling Co,0.01
SFST,Southern First Bancshares Inc,0.01
ACNB,ACNB Corp,0.01
BOOM,Dynamic Materials Corp,0.01
SONA,Southern National Bancorp of Virginia Inc,0.01
BPI,Bridgepoint Education Inc,0.01
ODC,Oil-Dri Corp of America,0.01
PRFT,Perficient Inc,0.01
BMCH,BMC STOCK HOLDINGS INC,0.01
WIFI,Boingo Wireless Inc,0.01
PFBI,Premier Financial Bancorp Inc,0.01
HURC,Hurco Cos Inc,0.01
SGA,Saga Communications Inc,0.01
ZEUS,Olympic Steel Inc,0.01
ENT,Global Eagle Entertainment Inc,0.01
CRY,CryoLife Inc,0.01
PFSI,PennyMac Financial Services Inc,0.01
FLWS,1-800-Flowers.com Inc,0.01
AC,ASSOCIATED CAPITAL GROUP INC CLASS,0.01
PENN,Penn National Gaming Inc,0.01
VCRA,Vocera Communications Inc,0.01
CBRL,Cracker Barrel Old Country Store Inc,0.01
JOUT,Johnson Outdoors Inc,0.01
FCFP,First Community Financial Partners Inc,0.01
AIMC,Altra Industrial Motion Corp,0.01
BATRA,LIBERTY MEDIA LIBERTY BRAVES CORP,0.01
PTLA,Portola Pharmaceuticals Inc,0.01
GOLF,ACUSHNET HOLDINGS CORP,0.01
ZAGG,ZAGG Inc,0.01
KOP,Koppers Holdings Inc,0.01
HBCP,Home Bancorp Inc,0.01
CNCE,Concert Pharmaceuticals Inc,0.01
OMER,Omeros Corp,0.01
MXWL,Maxwell Technologies Inc,0.01
CVCY,Central Valley Community Bancorp,0.01
WMAR,West Marine Inc,0.01
ORM,Owens Realty Mortgage Inc,0.01
BIOS,BioScrip Inc,0.01
ARC,ARC Document Solutions Inc,0.01
SMMF,Summit Financial Group Inc,0.01
EPE,EP Energy Corp,0.01
UFPT,UFP Technologies Inc,0.01
CIE,Cobalt International Energy Inc,0.01
ADSW,ADVANCED DISPOSAL SERVICES INC,0.01
CONN,Conn's Inc,0.01
MFSF,MutualFirst Financial Inc,0.01
BSF,Bear State Financial Inc,0.01
OPY,Oppenheimer Holdings Inc,0.01
OSG,OVERSEAS SHIPHOLDING GROUP INC CLA,0.01
HALL,Hallmark Financial Services Inc,0.01
ERN,Erin Energy Corp,0.0
SHOS,Sears Hometown and Outlet Stores Inc,0.0
VDSI,VASCO Data Security International Inc,0.0
PDFS,PDF Solutions Inc,0.0
QDEL,Quidel Corp,0.0
IRTC,IRHYTHM TECHNOLOGIES INC,0.0
SNDX,SYNDAX PHARMACEUTICALS INC,0.0
CFNB,California First National Bancorp,0.0
PZN,Pzena Investment Management Inc,0.0
RARX,RA PHARMACEUTICALS INC,0.0
GAIA,Gaiam Inc,0.0
CSV,Carriage Services Inc,0.0
SP,SP Plus Corp,0.0
AXDX,Accelerate Diagnostics Inc,0.0
LGIH,LGI Homes Inc,0.0
PAHC,Phibro Animal Health Corp,0.0
DXLG,Destination XL Group Inc,0.0
WVE,WAVE LIFE SCIENCES LTD,0.0
INWK,InnerWorkings Inc,0.0
WTW,Weight Watchers International Inc,0.0
VNCE,Vince Holding Corp,0.0
MDLY,Medley Management Inc,0.0
MEET,MeetMe Inc,0.0
TPHS,TRINITY PLACE HOLDINGS INC DUMMY,0.0
FLKS,Flex Pharma Inc,0.0
VALU,Value Line Inc,0.0
OBLN,OBALON THERAPEUTICS INC,0.0
ROIAK,Radio One Inc,0.0
PFSW,PFSweb Inc,0.0
SPWH,Sportsman's Warehouse Holdings Inc,0.0
PFNX,PFENEX INC,0.0
NEOS,Neos Therapeutics Inc,0.0
HMTV,Hemisphere Media Group Inc,0.0
FLGT,FULGENT GENETICS INC,0.0
CDXS,Codexis Inc,0.0
ARWR,Arrowhead Research Corp,0.0
CLSD,CLEARSIDE BIOMEDICAL INC,0.0
TCMD,TACTILE SYSTEMS TECHNOLOGY INC,0.0
TRHC,TABULA RASA HEALTHCARE INC,0.0
PSIX,Power Solutions International Inc,0.0
NOVN,NOVAN INC,0.0
P5N994,Petrocorp Inc Escrow,0.0
-,RESTRICTED CONTRA FERROGLOBE UNIT,0.0
GRB,GERBER SCIENTIFIC ESCROW,0.0
WKHS,WORKHORSE GROUP INC,0.0
MLI,Mueller Industries Inc,0.0
ITEK,Inotek Pharmaceuticals Corp,0.0
PIP,PharmAthene Inc,0.0
TROV,Trovagene Inc,0.0
FSAM,Fifth Street Asset Management Inc,0.0
NH,NANTHEALTH INC,0.0
TTNP,TITAN PHARMACEUTICALS INC,0.0
CYTR,CytRx Corp,0.0
IMDZ,Immune Design Corp,0.0
KDMN,KADMON INC,0.0
ATHX,Athersys Inc,0.0
RSYS,Radisys Corp,0.0
PCYG,Park City Group Inc,0.0
ARA,AMERICAN RENAL ASSOCIATES HOLDINGS,0.0
MPAA,Motorcar Parts of America Inc,0.0
TAX,Liberty Tax Inc,0.0
KONA,Kona Grill Inc,0.0
GRIF,Griffin Industrial Realty Inc,0.0
NRCIA,National Research Corp,0.0
SSNI,Silver Spring Networks Inc,0.0
APTI,APPTIO INC,0.0
CIX,Compx International Inc,0.0
CHEF,Chefs' Warehouse Inc,0.0
ESTE,Earthstone Energy Inc,0.0
CTO,Consolidated-Tomoka Land Co,0.0
MYOV,MYOVANT SCIENCES LTD,0.0
RMTI,Rockwell Medical Inc,0.0
WAC,Walter Investment Management Corp,0.0
PTGX,PROTAGONIST THERAPEUTICS INC,0.0
USAT,USA Technologies Inc,0.0
SYRS,SYROS PHARMACEUTICALS INC,0.0
SELB,SELECTA BIOSCIENCES INC,0.0
ENOC,EnerNOC Inc,0.0
NDLS,Noodles & Co,0.0
IDRA,Idera Pharmaceuticals Inc,0.0
PETX,Aratana Therapeutics Inc,0.0
DMTX,DIMENSION THERAPEUTICS INC,0.0
IESC,Integrated Electrical Services Inc,0.0
UNB,Union Bankshares Inc/Morrisville VT,0.0
LMNR,Limoneira Co,0.0
INFI,Infinity Pharmaceuticals Inc,0.0
ECOM,ChannelAdvisor Corp,0.0
ENZ,Enzo Biochem Inc,0.0
BOLD,AUDENTES THERAPEUTICS INC,0.0
DMRC,Digimarc Corp,0.0
VICR,Vicor Corp,0.0
NEFF,Neff Corp,0.0
TPIC,TPI COMPOSITES INC,0.0
RLH,Red Lion Hotels Corp,0.0
ECHO,Echo Global Logistics Inc,0.0
SYX,Systemax Inc,0.0
ECYT,Endocyte Inc,0.0
PLOW,Douglas Dynamics Inc,0.0
FRP,FairPoint Communications Inc,0.0
XCO,EXCO Resources Inc,0.0
SYUT,Synutra International Inc,0.0
IDT,IDT Corp,0.0
MN,Manning & Napier Inc,0.0
HIL,Hill International Inc,0.0
SREV,ServiceSource International Inc,0.0
NCIT,NCI Inc,0.0
NATR,Nature's Sunshine Products Inc,0.0
JAKK,JAKKS Pacific Inc,0.0
CNTY,Century Casinos Inc,0.0
CDTX,Cidara Therapeutics Inc,0.0
MTSC,MTS Systems Corp,0.0
EDGE,EDGE THERAPEUTICS INC,0.0
MCHX,Marchex Inc,0.0
QTNA,QUANTENNA COMMUNICATIONS INC,0.0
HCCI,Heritage-Crystal Clean Inc,0.0
HLTH,NOBILIS HEALTH CORP,0.0
SHLD,Sears Holdings Corp,0.0
MSEX,Middlesex Water Co,0.0
NIHD,NII Holdings Inc,0.0
KBAL,Kimball International Inc,0.0
SFS,Smart & Final Stores Inc,0.0
RXDX,Ignyta Inc,0.0
EGLT,Egalet Corp,0.0
VIVO,Meridian Bioscience Inc,0.0
VHI,Valhi Inc,0.0
ALCO,Alico Inc,0.0
SALM,Salem Media Group Inc,0.0
GRC,Gorman-Rupp Co,0.0
BLBD,Blue Bird Corp,0.0
GNE,Genie Energy Ltd,0.0
RLGT,Radiant Logistics Inc,0.0
TNC,Tennant Co,0.0
HNH,Handy & Harman Ltd,0.0
UCP,UCP Inc,0.0
HOME,Home Federal Bancorp Inc/Idaho,0.0
DJCO,Daily Journal Corp,0.0
UIHC,United Insurance Holdings Corp,0.0
PVBC,Provident Bancorp Inc,0.0
AE,Adams Resources & Energy Inc,0.0
SNHY,Sun Hydraulics Corp,0.0
AMSC,American Superconductor Corp,0.0
VYGR,VOYAGER THERAPEUTICS INC,0.0
AFH,Atlas Financial Holdings Inc,0.0
TRXC,TransEnterix Inc,0.0
BL,BLACKLINE INC,0.0
FOGO,Fogo De Chao Inc,0.0
AGFS,AGROFRESH SOLUTIONS INC,0.0
USAK,USA Truck Inc,0.0
NVEE,NV5 Holdings Inc,0.0
ABTL,Autobytel Inc,0.0
GSOL,Global Sources Ltd,0.0
PLUG,Plug Power Inc,0.0
ALX,Alexander's Inc,0.0
BFS,Saul Centers Inc,0.0
NYNY,Empire Resorts Inc,0.0
PI,IMPINJ INC,0.0
RIGL,Rigel Pharmaceuticals Inc,0.0
FNBC,First NBC Bank Holding Co,0.0
TVIA,TERRAVIA INC,0.0
TXMD,TherapeuticsMD Inc,0.0
ABCD,Cambium Learning Group Inc,0.0
WAAS,AQUAVENTURE HOLDINGS LTD,0.0
MEDP,MEDPACE HOLDINGS INC,0.0
CPLA,Capella Education Co,0.0
ADVM,ADVERUM BIOTECHNOLOGIES INC,0.0
LUB,Luby's Inc,0.0
BGC,General Cable Corp,0.0
VSLR,VIVINT SOLAR INC,0.0
GMRE,GLOBAL MEDICAL REIT INC,0.0
GCBC,Greene County Bancorp Inc,0.0
CERS,Cerus Corp,0.0
VRA,Vera Bradley Inc,0.0
NL,NL Industries Inc,0.0
CIO,City Office REIT Inc,0.0
PMTS,CPI CARD GROUP INC,0.0
AVID,Avid Technology Inc,0.0
ERI,Eldorado Resorts Inc,0.0
SSI,Stage Stores Inc,0.0
COGT,COGINT INC,0.0
CRVS,CORVUS PHARMACEUTICALS INC,0.0
ICBK,County Bancorp Inc,0.0
BRSS,Global Brass & Copper Holdings Inc,0.0
NMRX,Numerex Corp,0.0
NK,NantKwest Inc,0.0
ORBC,ORBCOMM Inc,0.0
REIS,Reis Inc,0.0
COUP,Coupons.com Inc,0.0
CSTR,CAPSTAR FINANCIAL HOLDINGS INC,0.0
AGEN,Agenus Inc,0.0
AHH,Armada Hoffler Properties Inc,0.0
YORW,York Water Co,0.0
CWH,CAMPING WORLD HOLDINGS INC CLASS A,0.0
ACET,Aceto Corp,0.0
FCEL,FuelCell Energy Inc,0.0
GEN,Genesis Healthcare Inc,0.0
TISI,Team Inc,0.0
TAST,Carrols Restaurant Group Inc,0.0
SCWX,SECUREWORKS CLASS A CORP,0.0
FRTA,FORTERRA INC,0.0
VIRT,VIRTU FINANCIAL INC CLASS A,0.0
TCS,Container Store Group Inc,0.0
IMMU,Immunomedics Inc,0.0
TREC,Trecora Resources,0.0
LAWS,Lawson Products Inc/DE,0.0
KODK,Eastman Kodak Co,0.0
OVAS,OvaScience Inc,0.0
RST,Rosetta Stone Inc,0.0
PBNC,PARAGON COMMERCIAL CORP,0.0
CBMG,Cellular Biomedicine Group Inc,0.0
PTSI,PAM Transportation Services Inc,0.0
TDW,Tidewater Inc,0.0
GORO,Gold Resource Corp,0.0
EVBG,EVERBRIDGE INC,0.0
TPB,TURNING POINT BRANDS INC,0.0
ULH,Universal Truckload Services Inc,0.0
FC,Franklin Covey Co,0.0
MCRN,MILACRON HOLDINGS CORP,0.0
